{"lines.linewidth": 2.0, "axes.color_cycle": [[0.4980392156862745, 0.788235294117647, 0.4980392156862745], [0.7450980392156863, 0.6823529411764706, 0.8313725490196079], [0.9921568627450981, 0.7529411764705882, 0.5254901960784314], [1.0, 1.0, 0.6], [0.2196078431372549, 0.4235294117647059, 0.6901960784313725]]}