{"lines.linewidth": 2.0, "axes.color_cycle": [[0.10588235294117647, 0.6196078431372549, 0.4666666666666667], [0.8509803921568627, 0.37254901960784315, 0.00784313725490196], [0.4588235294117647, 0.4392156862745098, 0.7019607843137254], [0.9058823529411765, 0.1607843137254902, 0.5411764705882353], [0.4, 0.6509803921568628, 0.11764705882352941]]}