{"lines.linewidth": 2.0, "axes.color_cycle": [[0.6509803921568628, 0.807843137254902, 0.8901960784313725], [0.12156862745098039, 0.47058823529411764, 0.7058823529411765], [0.6980392156862745, 0.8745098039215686, 0.5411764705882353], [0.2, 0.6274509803921569, 0.17254901960784313], [0.984313725490196, 0.6039215686274509, 0.6]]}