{"lines.linewidth": 2.0, "axes.color_cycle": [[0.7019607843137254, 0.8862745098039215, 0.803921568627451], [0.9921568627450981, 0.803921568627451, 0.6745098039215687], [0.796078431372549, 0.8352941176470589, 0.9098039215686274], [0.9568627450980393, 0.792156862745098, 0.8941176470588236], [0.9019607843137255, 0.9607843137254902, 0.788235294117647]]}