{"lines.linewidth": 2.0, "axes.color_cycle": [[0.984313725490196, 0.7058823529411765, 0.6823529411764706], [0.7019607843137254, 0.803921568627451, 0.8901960784313725], [0.8, 0.9215686274509803, 0.7725490196078432], [0.8705882352941177, 0.796078431372549, 0.8941176470588236], [0.996078431372549, 0.8509803921568627, 0.6509803921568628]]}