{"lines.linewidth": 2.0, "axes.color_cycle": [[0.8941176470588236, 0.10196078431372549, 0.10980392156862745], [0.21568627450980393, 0.49411764705882355, 0.7215686274509804], [0.30196078431372547, 0.6862745098039216, 0.2901960784313726], [0.596078431372549, 0.3058823529411765, 0.6392156862745098], [1.0, 0.4980392156862745, 0.0]]}