{"lines.linewidth": 2.0, "axes.color_cycle": [[0.4, 0.7607843137254902, 0.6470588235294118], [0.9882352941176471, 0.5529411764705883, 0.3843137254901961], [0.5529411764705883, 0.6274509803921569, 0.796078431372549], [0.9058823529411765, 0.5411764705882353, 0.7647058823529411], [0.6509803921568628, 0.8470588235294118, 0.32941176470588235]]}